1	Beico & MT93, Beico, MT93 (IT)	Let There Be Dark - Original Mix	https://www.youtube.com/watch?v=5XKQ8xNqMp0
2	Patrik Berg, Matt Sassari	Discovery	https://www.youtube.com/watch?v=RlGtgmboX7o
3	Armin van Buuren	Blah Blah Blah	https://www.youtube.com/watch?v=mfJhMfOPWdE
4	ANNA	The Dansant	https://www.youtube.com/watch?v=Je81m4R1kqQ
5	Charlotte de Witte	The Healer	https://www.youtube.com/watch?v=0Te0Sq23-qA
6	Intara	Sky	https://www.youtube.com/watch?v=cKBIy0vM3Bg
7	Hush & Sleep	Mirth	https://www.youtube.com/watch?v=H78dFYpPxVE
8	T78, ROBPM	Acid Lick	https://www.youtube.com/watch?v=KBGR10ORjvs
9	N.O.B.A, Dorian Parano, NÜWA (BE)	Therapy - NÜWA (BE) Remix	https://www.youtube.com/watch?v=CYxi2ErC35M
10	Randomer	Bring	https://www.youtube.com/watch?v=UV1Yk4_WdiU
11	Mandragora	Sem Chão	ytsearch1:Mandragora - Sem Chão
12	Andrea Signore, Mha Iri	Omnia - Original Mix	https://www.youtube.com/watch?v=rD2geQQPEp8
13	Zimmz	Sinematic	https://www.youtube.com/watch?v=STpTefz32to
14	Dusty Kid	Sysma - Original Mix	https://www.youtube.com/watch?v=xbAwzsqBAfY
15	Pan-Pot, Stephan Bodzin	Sleepless - Stephan Bodzin Remix	https://www.youtube.com/watch?v=OlLC6Xwgikc
16	Hidden Empire	Hummus	https://www.youtube.com/watch?v=7er0VnNzaRs
17	Joyhauser	C166W	https://www.youtube.com/watch?v=exTXAcu76m8
18	Hilight Tribe, Vini Vici	Free Tibet - Vini Vici Remix	https://www.youtube.com/watch?v=0lBjcaMokvo
19	Armin van Buuren, Vini Vici, Hilight Tribe	Great Spirit - Extended Mix	https://www.youtube.com/watch?v=yo4pmauhugo
20	Joyhauser	Galaxy Phase - Original Mix	https://www.youtube.com/watch?v=lJlHBku70Eg
21	Enrico Sangiuliano	Hidden T	https://www.youtube.com/watch?v=aFGfa897wLs
22	AKKI (DE)	Lonely Spirit	https://www.youtube.com/watch?v=Xf7RBJYw_SQ
23	UMEK	Predator - Original Mix	https://www.youtube.com/watch?v=D9J4GLf6xlo
24	T78, Ballarak	The Antidote	https://www.youtube.com/watch?v=rLg4R4U1eVc
25	Dok & Martin, Carlos Pérez	Immortal	https://www.youtube.com/watch?v=1fix2b_zuCg
26	Charlotte de Witte	Sgadi Li Mi	https://www.youtube.com/watch?v=4qJdigju5UM
27	Mausio, Bibiane Z	Through the Night	https://www.youtube.com/watch?v=umBVhs1PwFk
28	Punktmidi	Nachtigall	ytsearch1:Punktmidi - Nachtigall
29	A*S*Y*S, T78	The Acid - T78 Remix	https://www.youtube.com/watch?v=6bHGnOgEeXA
30	Mark Dekoda, Droplex	Deepest Level	https://www.youtube.com/watch?v=utyw3qrIucM
31	Kaspar	Nova	https://www.youtube.com/watch?v=ZCLBvuG-FFQ
32	Space 92	Phobos	https://www.youtube.com/watch?v=2efAkfDhJ40
33	Belocca, A*S*Y*S	Under Pressure - Original Mix	https://www.youtube.com/watch?v=pZfByeyRQcI
34	Mark Reeve	Distance	https://www.youtube.com/watch?v=wJruJTXraGw
35	Cherrymoon Trax, Thomas Schumacher	The House of House - Thomas Schumacher Remix	https://www.youtube.com/watch?v=RmUJQyfwAWc
36	Enrico Sangiuliano	Symbiosis	https://www.youtube.com/watch?v=5MDH_8MuyLE
37	MOTVS	Contrast	https://www.youtube.com/watch?v=MA5xc6Bf6vw
38	UMEK	Amnesiac	https://www.youtube.com/watch?v=e_3S-SduT5U
39	Spektre	Back Into Consciousness	https://www.youtube.com/watch?v=xa0a6_1Hg2Y
40	Keith Carnal	Endless - Original Mix	https://www.youtube.com/watch?v=X7JG6xv1y1o
41	Layton Giordani	System Majority	https://www.youtube.com/watch?v=F6PyuvLMstY
42	Brennen Grey	Voice of The Void	https://www.youtube.com/watch?v=baXiU0cAcNE
43	Thomas Hoffknecht	Antaris	https://www.youtube.com/watch?v=B1gdf3tkrqQ
44	HI-LO, Space 92, Oliver Heldens	Mercury	https://www.youtube.com/watch?v=Ye8iOap_33U
45	Layton Giordani	Digital Age	https://www.youtube.com/watch?v=zZRgizKHWQM
46	Deas	Ultraviolet	https://www.youtube.com/watch?v=or3KmKUditI
47	Julian Wassermann	Surreal	https://www.youtube.com/watch?v=ESvQUML49Z4
48	Simina Grigoriu	Una	ytsearch1:Simina Grigoriu - Una
49	Industrialyzer	Balanced Motions	https://www.youtube.com/watch?v=lOTE_qBIDxE
50	Dino Maggiorana, Anna V.	Odissey - Anna V. Remix	https://www.youtube.com/watch?v=39wmW5AnRGY
51	Spektre	Without Warning - Original Mix	https://www.youtube.com/watch?v=sahPJVapwkk
52	Spektre	Chant Rush - Original Mix	https://www.youtube.com/watch?v=eRONcHW3mb0
53	Koen Groeneveld	Neo - Extended Mix	https://www.youtube.com/watch?v=zf7wY8nfF7w
54	Pablo Say	Under Disco - Original Mix	https://www.youtube.com/watch?v=SC8LmfnzuJ0
55	UMEK	Distinct Operator - Original Mix	https://www.youtube.com/watch?v=ASobzLQ2JyE
56	Enrico Sangiuliano	Feed Your Mind	ytsearch1:Enrico Sangiuliano - Feed Your Mind
57	Enrico Sangiuliano	Cosmic Ratio	https://www.youtube.com/watch?v=2AJT9YckZAM
58	Enrico Sangiuliano	Multicellular	https://www.youtube.com/watch?v=Uh2sX9Mt0w0
59	Enrico Sangiuliano	Generative Model	https://www.youtube.com/watch?v=jycXyzy1soU
60	Enrico Sangiuliano	New Dawn	https://www.youtube.com/watch?v=nwt2RLeFCpQ
61	Enrico Sangiuliano	Arboreal	https://www.youtube.com/watch?v=mwfnaWLW9tU
62	Enrico Sangiuliano	A Further Existence	https://www.youtube.com/watch?v=8s3MtnlDMFI
63	Enrico Sangiuliano	Functional Basic Unit Of Life	https://www.youtube.com/watch?v=KgHkNJcXbqs
64	Charlotte de Witte	Formula	https://www.youtube.com/watch?v=XwX9w00dZcY
65	Charlotte de Witte	My Feeling	https://www.youtube.com/watch?v=ubDzdKOGJXw
66	Charlotte de Witte	Selected	https://www.youtube.com/watch?v=SnnwwWY4uMU
67	Charlotte de Witte	High Street	https://www.youtube.com/watch?v=PGuBpKqtHdY
68	Amelie Lens	In My Mind	https://www.youtube.com/watch?v=MxKcx0FVuqk
69	Amelie Lens	Contradiction	https://www.youtube.com/watch?v=HHlm06FYEQQ
70	Amelie Lens	Higher	https://www.youtube.com/watch?v=SmVoQ0jGEvM
71	Amelie Lens	Little Robot	https://www.youtube.com/watch?v=HKChWCdAan8
72	Amelie Lens	Exhale	https://www.youtube.com/watch?v=C7D-JvfYx18
73	Amelie Lens	Follow	https://www.youtube.com/watch?v=2GZiaIxJs-c
74	Space 92	Planet X	https://www.youtube.com/watch?v=F-G6ewUHaCA
75	Space 92	Colonia	https://www.youtube.com/watch?v=uu-3FzFiquo
76	Space 92	The Door	https://www.youtube.com/watch?v=31lx_EO_o9E
77	Space 92	Atlas	https://www.youtube.com/watch?v=caGo5K8NZws
78	Space 92	The Game	https://www.youtube.com/watch?v=80DR8XH-k-k
79	Space 92	Populate Mars	https://www.youtube.com/watch?v=DerCBfz5GQ0
80	Space 92	Nova	ytsearch1:Space 92 - Nova
81	UMEK	Vigilance	https://www.youtube.com/watch?v=MlhdSw-5Z0s
82	UMEK & Cosmic Boys	Evolution	https://www.youtube.com/watch?v=PnlbgYof0Us
83	UMEK	Intricately	https://www.youtube.com/watch?v=YqaS9rfrrb0
84	Stephan Bodzin	Liebe Ist...	https://www.youtube.com/watch?v=KNIuarCkhe8
85	Stephan Bodzin	Sonnenwind	https://www.youtube.com/watch?v=F-tySHAApmI
86	Stephan Bodzin	Vendetta	https://www.youtube.com/watch?v=Q3nN18zH1p4
87	Stephan Bodzin	Mondfahrt	https://www.youtube.com/watch?v=8JEIXG3QuSc
88	Stephan Bodzin	Planet Ypsilon	https://www.youtube.com/watch?v=dByB_m_0x1g
89	Stephan Bodzin	Singularity	https://www.youtube.com/watch?v=AaxFuXpcQmE
90	Stephan Bodzin	Powers Of Ten	https://www.youtube.com/watch?v=8hrOW_psDlc
91	Stephan Bodzin	Caligula	https://www.youtube.com/watch?v=PAMK1cfVsqI
92	Stephan Bodzin	Under Your Skin	https://www.youtube.com/watch?v=i2ICS_3AFro
93	Recondite	Petrichor	https://www.youtube.com/watch?v=6l6c7yv09Ho
94	Recondite	Tie In	https://www.youtube.com/watch?v=KKYYAbGpw6A
95	Recondite	Felicity	https://www.youtube.com/watch?v=uvYo30toXuI
96	Recondite	Harbinger	https://www.youtube.com/watch?v=OTiCt5dzhoA
97	Recondite	Sultry	https://www.youtube.com/watch?v=Qfv0E88pXmg
98	Recondite	Jaded	https://www.youtube.com/watch?v=UXxZTbwgW3A
99	Recondite	Baro	https://www.youtube.com/watch?v=-VwjMf14JaU
100	Recondite	Levo	https://www.youtube.com/watch?v=K0qwGPpimic
101	Recondite	Tame	ytsearch1:Recondite - Tame
102	Recondite	Garbo	https://www.youtube.com/watch?v=4JPpDqrKSXE
103	Recondite	Buteo	https://www.youtube.com/watch?v=OCMkO5xpE5I
104	Recondite	Duolo	https://www.youtube.com/watch?v=mxTo82upPIc
105	ARTBAT	Horizon	https://www.youtube.com/watch?v=50zeHzEwgoI
106	ARTBAT	Tabu	https://www.youtube.com/watch?v=6EuLLoqRykA
107	ARTBAT	Afterparty	https://www.youtube.com/watch?v=ymgIkOXp6Ds
108	ARTBAT & Benny Benassi	Love Is Gonna Save Us	https://www.youtube.com/watch?v=0IHbz4e3BO8
109	ARTBAT	Upperground	https://www.youtube.com/watch?v=1zTpy8ifslE
110	Tale Of Us	Monument	https://www.youtube.com/watch?v=n0AL2h0DWzg
111	Tale Of Us	Dark Song	https://www.youtube.com/watch?v=YxbEqBC_1ts
112	Anyma	Consciousness	https://www.youtube.com/watch?v=MpbZDxx44qE
113	Anyma	Explore	https://www.youtube.com/watch?v=vHVJJ7oBIQA
114	Anyma, Argy & Son of Son	Voices In My Head	https://www.youtube.com/watch?v=VNwigGCOIxk
115	Reinier Zonneveld	Things We Might Have Said	https://www.youtube.com/watch?v=36R9glK2TuY
116	Reinier Zonneveld	Loco Loco	https://www.youtube.com/watch?v=38szcJnMjcY
117	Reinier Zonneveld	Distorted Reality	https://www.youtube.com/watch?v=Z2kKp7EqeYA
118	Reinier Zonneveld	So High	https://www.youtube.com/watch?v=whHZuRj2NE0
119	Sam Paganini	Mind Control	https://www.youtube.com/watch?v=9-kp-p39U1k
120	Sam Paganini	Vertigo	https://www.youtube.com/watch?v=UmsvFBhpVW8
121	Sam Paganini	Rave	https://www.youtube.com/watch?v=WWuDiwr30SI
122	Sam Paganini, Adam Beyer & Layton Giordani	Rave (Remix)	https://www.youtube.com/watch?v=j8fOdfNe3xQ
123	Keith Carnal	Timewave Zero	https://www.youtube.com/watch?v=uYv6kyYo6I4
124	Kollektiv Turmstrasse	Ordinary	https://www.youtube.com/watch?v=YfmGX8qPMfI
125	Kollektiv Turmstrasse	Last Day	https://www.youtube.com/watch?v=Gm4ElZUzLOo
126	David August	Dogs Of Les Ilhes (Kollektiv Turmstrasse Remix)	ytsearch1:David August - Dogs Of Les Ilhes (Kollektiv Turmstrasse Remix)
127	Mind Against	Berlin, Alexanderplatz	https://www.youtube.com/watch?v=znMAloaLn3s
128	Mind Against	Gravity	https://www.youtube.com/watch?v=bnH3Nq8owPA
129	Mind Against	Dreamcast	https://www.youtube.com/watch?v=xceiY9doeKA
130	Mind Against	Isolate	https://www.youtube.com/watch?v=XOvary_mX9Q
131	Adriatique	Midnight Walking	https://www.youtube.com/watch?v=tjy--7dGRhY
132	Adriatique	Space Knights	https://www.youtube.com/watch?v=nYi5Av2lStU
133	Adriatique	Ray	https://www.youtube.com/watch?v=jhPzoeMr5hI
134	Adriatique	Home	https://www.youtube.com/watch?v=dB_pB2v1FZQ
135	Adriatique	Miracle	https://www.youtube.com/watch?v=4oYrQt_zRFg
136	Kevin de Vries	Polar Peak	https://www.youtube.com/watch?v=wI4XO252Wok
137	Kevin de Vries & Y do i	Saga	https://www.youtube.com/watch?v=6E3SoRspPw8
138	Kevin de Vries	Phoenix	https://www.youtube.com/watch?v=25a_7K71gWk
139	Miss Monique	Nomacita	https://www.youtube.com/watch?v=h73cGuMhIwY
140	Miss Monique	Subterranean	https://www.youtube.com/watch?v=M6Z8E2cI0Q8
141	Miss Monique	Look At You	https://www.youtube.com/watch?v=fPXdiEbeTtM
142	Miss Monique	Rajada	https://www.youtube.com/watch?v=q76R9OXFcbI
143	Miss Monique	Ghosts	https://www.youtube.com/watch?v=K2xqmHHwPlY
144	Boris Brejcha	Hold Your Speakers	https://www.youtube.com/watch?v=JC8_ZXRsdoo
145	Boris Brejcha	Himmelblau	https://www.youtube.com/watch?v=UFCbnfHxxRc
146	Boris Brejcha	Purple Noise	https://www.youtube.com/watch?v=56MOXhSzQcg
147	T78	Retro Freak	https://www.youtube.com/watch?v=fEvmrmpI_lM
148	T78	Riot (2K20 Remix)	https://www.youtube.com/watch?v=1vb-bj6iF6k
149	T78	Darron (2K20 Rework)	https://www.youtube.com/watch?v=HXGi5gfiZMc
150	Solomun	Customer Is King	https://www.youtube.com/watch?v=UaOveM66SJ4
151	Innellea & Peces Raros	Parte del Juego	https://www.youtube.com/watch?v=JdC9lKBE20E
152	Add-Us	All Over	https://www.youtube.com/watch?v=VmGlpHFsvcw
153	Add-Us	Temple	ytsearch1:Add-Us - Temple
154	TH;EN	My Head	https://www.youtube.com/watch?v=dCOwg8dz6xk
155	TH;EN	Bodyrock	https://www.youtube.com/watch?v=ISRWd4z8Jn0
156	TH;EN	Lucid Ashes	https://www.youtube.com/watch?v=9W69zp02UV8
157	TH;EN & Jonas Saalbach	Stay Strong	https://www.youtube.com/watch?v=TGfRJqSnpro
158	TH;EN	365 (SLVR Remix)	https://www.youtube.com/watch?v=3roz2fNJXoU
159	Goom Gum	Gothico	https://www.youtube.com/watch?v=Pv_MIFi-VNM
160	Rauschhaus & Peer Kusiv	Quantum Mirage	https://www.youtube.com/watch?v=Z0EuARDh7b4
161	Binaryh & Mariz	Acrux	https://www.youtube.com/watch?v=n02q9lrdBdI
162	Korolova & Zamna Soundsystem	Universe	https://www.youtube.com/watch?v=dmQHSRKNiB0
163	Citadelle & Agdem	Contact (STMPD RCRDS)	https://www.youtube.com/watch?v=FbPPA8aw0a4
164	Weska & Charles D	The Answer	https://www.youtube.com/watch?v=2ndjCxqoiXE
165	Hidden Empire	Oelfasslager	https://www.youtube.com/watch?v=p4Eni3nOOJI
166	Bigfett & Daivic	4th Dimension	https://www.youtube.com/watch?v=YGMysIhG4mU
167	Tomy Wahl	Vagator	https://www.youtube.com/watch?v=a0-vTX86d9s
168	Q.U.A.K.E, Eli & Dani	Embrace	https://www.youtube.com/watch?v=jadxwJ-9x94
169	Andrewboy & MPathy	Gravity	https://www.youtube.com/watch?v=QEQrJ-igZR0
170	Solink	Luminous	https://www.youtube.com/watch?v=tZ4ilxfM1-Q
171	Yubik	Paradox Of Perception	https://www.youtube.com/watch?v=SjqiNTuYz1k
172	Yubik	Lethal Venture	https://www.youtube.com/watch?v=aApck911bUw
173	Inner Sense (ofc)	Blackout	https://www.youtube.com/watch?v=MhQOIkMYlCQ
174	Estiva	E.T. Dust	https://www.youtube.com/watch?v=X45vVEtgbu0
175	Volaris	Revelation	https://www.youtube.com/watch?v=pcPqgY3Dwgk
176	Prismode & Solvane	Together	ytsearch1:Prismode & Solvane - Together
177	Indifferent Guy	Let Me Go	https://www.youtube.com/watch?v=Fr2vhlRek9M
178	Aalson	Fear	https://www.youtube.com/watch?v=0yzxObElrVs
179	Cristoph	I Will Find You (Charles D Remix)	https://www.youtube.com/watch?v=GLRF2VhU2J4
180	Tiesto & Mathame	Everlight	https://www.youtube.com/watch?v=cWdaDM6ZnSM
181	Argy & John Cala	BOOM	https://www.youtube.com/watch?v=5ydlMMgXIRQ
182	Argy	Rage (NEWORLD II)	https://www.youtube.com/watch?v=7JPmS_bWjhI
183	Eklipse	Ascension	ytsearch1:Eklipse - Ascension
184	TIMELAPSE	Abyss	https://www.youtube.com/watch?v=IvuydY-dqG8
185	19:26 & MRAK	Overrated	https://www.youtube.com/watch?v=j2CTuYxoSQw
186	Corey James, MORGANJ & Tyoz	Jungle	https://www.youtube.com/watch?v=D3fjXemwwao
187	Mark Knight & Wolfgang Gartner	Conscindo (Ginchy Remix)	https://www.youtube.com/watch?v=WW-KzP8KUvw
188	Adam Beyer & Bart Skils	Your Mind	https://www.youtube.com/watch?v=aU6z-pPEmY0
189	Adam Beyer	London	https://www.youtube.com/watch?v=xnieF7a0qKM
190	Nicole Moudaber	Your Love Picks Me Up (Marco Faraone Remix)	https://www.youtube.com/watch?v=IiCplfiY_MI
191	Deborah De Luca	Techno Is Not Dead	https://www.youtube.com/watch?v=IfFnvi7O2Po
192	Victor Ruiz	Dance In The Dark	https://www.youtube.com/watch?v=qxXoD2TuAxs
193	V.VALENTINA & Redhead Queen	Runway	https://www.youtube.com/watch?v=Vbyg0pvx_-M
194	HotLap	Recall	https://www.youtube.com/watch?v=I7Oy9NFH8yA
195	Yamil & Clemente	Darkest Nights (andhim Remix)	https://www.youtube.com/watch?v=vuRJ7kH5eyo
196	Jimi Jules & Modern Tales	Whisper To Me	https://www.youtube.com/watch?v=JbvyBFDiWcE
197	Brunello	Ghost Dance	https://www.youtube.com/watch?v=tWSjGpgISyk
198	Cassian & AR/CO	Come To Life	https://www.youtube.com/watch?v=EpHWPHy57T4
199	Adam Beyer, Argy & Alok	Keep Up	https://www.youtube.com/watch?v=Uj6VNRAxoys
200	Sabb	808	ytsearch1:Sabb - 808
201	Maceo Plex	Solar	https://www.youtube.com/watch?v=cXBIZOiSaxA
202	Kolsch	Der Alte	https://www.youtube.com/watch?v=0DGJMY1kpt8
203	Massimo Vivona	Solo Everyday	ytsearch1:Massimo Vivona - Solo Everyday
204	Massimo Vivona	Solidar	ytsearch1:Massimo Vivona - Solidar
205	Massimo Vivona	Phisomatico	https://www.youtube.com/watch?v=vSaw3XyVgjo
206	Massimo Vivona	Slayd	https://www.youtube.com/watch?v=q5WC1T3EMTs
207	Massimo Vivona	The Way	https://www.youtube.com/watch?v=bWKYlvvbyGM
208	Massimo Vivona	Ascent	https://www.youtube.com/watch?v=nXeKcaCre5s
209	Massimo Vivona	Counterfeit	https://www.youtube.com/watch?v=5cytIrM8UdM
210	Massimo Vivona	Crimewave	https://www.youtube.com/watch?v=xsjCo7HoLOo
211	Massimo Vivona	Droop Deep	https://www.youtube.com/watch?v=aeD1dvrGDPk
212	Massimo Vivona	Orpheus	https://www.youtube.com/watch?v=VokKz0uER4s
213	Charlotte de Witte	Return To Nowhere	https://www.youtube.com/watch?v=XxOym1jIPBc
214	Charlotte de Witte	Ensemble	https://www.youtube.com/watch?v=j2UyEw1KxnE
215	Charlotte de Witte	What's In The Past	https://www.youtube.com/watch?v=zPSogWOZxdo
216	Charlotte de Witte	Satori	https://www.youtube.com/watch?v=kbbfua_yaqM
217	Charlotte de Witte	Kali	https://www.youtube.com/watch?v=Zhsbr-XL2K8
218	Charlotte de Witte	Universal Consciousness	https://www.youtube.com/watch?v=38L2V_eLDTI
219	Charlotte de Witte	Ahimsa	https://www.youtube.com/watch?v=j92DgSWLqW8
220	Enrico Sangiuliano	End Of Life (EOL)	https://www.youtube.com/watch?v=gT7FqWkLFp8
221	Amelie Lens	Oblivious	https://www.youtube.com/watch?v=EaX2pA9kA18
222	Amelie Lens	Exhale (NT89 Remix)	https://www.youtube.com/watch?v=PFMxP06Dte0
223	Adriatique	Dawning	https://www.youtube.com/watch?v=ijQ0EMo7P2c
224	Adriatique	Awakening Machines	https://www.youtube.com/watch?v=YvRrM5Tbp8Q
225	Adriatique	Random Notes Orchestra	https://www.youtube.com/watch?v=RGtCF6GAq0I
226	Adriatique	Nude	https://www.youtube.com/watch?v=S5uY5r1zA-8
227	Adriatique	Panchromatic	https://www.youtube.com/watch?v=5Ps60iw7yHY
228	Adriatique	Tachykardia	https://www.youtube.com/watch?v=g24Z7uo-Na0
229	Adriatique	Point Of No Return	https://www.youtube.com/watch?v=5YdKALizojA
230	Adriatique	Buchla's Dreaming	https://www.youtube.com/watch?v=OUWuWvNpvPo
231	Adriatique	Studies In Dance Theory	https://www.youtube.com/watch?v=khl-Ky_TnhA
232	Stephan Bodzin	Earth	https://www.youtube.com/watch?v=jNP4rbySLng
233	Stephan Bodzin	LLL	https://www.youtube.com/watch?v=jA_R1Gf8gbY
234	Stephan Bodzin	Astronautin	https://www.youtube.com/watch?v=HkwIntz5LQg
235	Stephan Bodzin	Boavista	https://www.youtube.com/watch?v=owlsglILb1E
236	Stephan Bodzin	Infinite Monkey	https://www.youtube.com/watch?v=NfVLYjE2hNs
237	Stephan Bodzin	Dune	https://www.youtube.com/watch?v=0x10O1xLcDM
238	Stephan Bodzin	River	https://www.youtube.com/watch?v=fmDzasKUM-Y
239	Stephan Bodzin	Cooper Station	https://www.youtube.com/watch?v=W1ppcuUd_G0
240	Stephan Bodzin	Isaac	https://www.youtube.com/watch?v=vbU2nuk1x9U
241	Stephan Bodzin	Ataraxia	https://www.youtube.com/watch?v=ihcNRatxfA4
242	Stephan Bodzin	Collider	https://www.youtube.com/watch?v=WNRrGXpmkkc
243	Stephan Bodzin	Nothing Like You	https://www.youtube.com/watch?v=qPrM9EOD54U
244	Stephan Bodzin	Spacetime Hero	https://www.youtube.com/watch?v=MDHJkHvtjwE
245	Stephan Bodzin	Breathe	https://www.youtube.com/watch?v=4TwVYrPN_DM
246	Stephan Bodzin	Trancoso	https://www.youtube.com/watch?v=1_D4IJdttY4
247	Stephan Bodzin	Theory Of Everything	https://www.youtube.com/watch?v=wc5AdQd7wgI
248	Stephan Bodzin	Rose	https://www.youtube.com/watch?v=h9iClrRYsBM
249	Recondite	Dwell	https://www.youtube.com/watch?v=TCCL9atPakY
250	Recondite	Nobilia	https://www.youtube.com/watch?v=e7bkcY3SUIA
251	Recondite	Black Letter	https://www.youtube.com/watch?v=OBTaZG_qhjk
252	Recondite	Mirror Games	https://www.youtube.com/watch?v=bVrchCF5FDU
253	Recondite	Cure	https://www.youtube.com/watch?v=vmC-N9xo0As
254	Recondite	Surface	https://www.youtube.com/watch?v=mYiV2s3MzZc
255	Recondite	Moon Pearl	https://www.youtube.com/watch?v=DNDYROdVeQo
256	Recondite	Wire Threat	https://www.youtube.com/watch?v=QVih3uwAnJs
257	Recondite	Equal	https://www.youtube.com/watch?v=CpqNQKXx4Wc
258	ARTBAT	Atlas	https://www.youtube.com/watch?v=qazSmjxS26k
259	HI-LO & Space 92	Genesis	https://www.youtube.com/watch?v=3pYTz47C5yY
260	Recondite	Rise	https://www.youtube.com/watch?v=MMZ1SL_fycU
261	Recondite	Leafs	https://www.youtube.com/watch?v=yAEDi3hnQnc
262	Recondite	Still	https://www.youtube.com/watch?v=poBAJx1ZYaI
263	Recondite	Riant	https://www.youtube.com/watch?v=i7H-4bAZwGc
264	Recondite	Stems	https://www.youtube.com/watch?v=xBT3FbAlZfE
265	Recondite	Floe	https://www.youtube.com/watch?v=1TsP4_hwi0M
266	Recondite	Abscondence	https://www.youtube.com/watch?v=gNShVEPTJ0k
267	Recondite	Clouded	https://www.youtube.com/watch?v=HPODefkT1Qg
268	Recondite	Fey	https://www.youtube.com/watch?v=Rh__rrvapIQ
269	Recondite	The Fade	https://www.youtube.com/watch?v=7rnDzSUNbU0
270	Recondite	Grove	https://www.youtube.com/watch?v=SpkBcLDEbJo
271	Boris Brejcha	Never Look Back	https://www.youtube.com/watch?v=vyFd7DcY7eo
272	Boris Brejcha	Lieblingsmensch	https://www.youtube.com/watch?v=KK6_ynIUEAY
273	Boris Brejcha	Space Diver	https://www.youtube.com/watch?v=AfD6eyGVyXw
274	Boris Brejcha	Blue Lake	https://www.youtube.com/watch?v=HVOu5gsrilY
275	Boris Brejcha	Take It Smart	https://www.youtube.com/watch?v=81T5PoITQTs
276	Boris Brejcha	Future	https://www.youtube.com/watch?v=_bdnqXml96c
277	Boris Brejcha	The Troublemakerz	https://www.youtube.com/watch?v=JUQs0F7iS7U
278	Boris Brejcha	Kittys Journey	https://www.youtube.com/watch?v=qu7j9Wi52c8
279	Boris Brejcha	Game Over	https://www.youtube.com/watch?v=RMJt5pYbWDc
280	Boris Brejcha	Level One	https://www.youtube.com/watch?v=Wx3p_oepEY8
281	Boris Brejcha	Ice Cave	https://www.youtube.com/watch?v=uNSA7AaWmQY
282	Boris Brejcha	Space X	https://www.youtube.com/watch?v=7Ay7DK5gtWI
283	Boris Brejcha	Dimension	https://www.youtube.com/watch?v=0mQMgRXiUbo
284	Boris Brejcha	Message In A Bottle	https://www.youtube.com/watch?v=PAMjUcTb7Go
285	Boris Brejcha	One Paradise	https://www.youtube.com/watch?v=bfjXHYzk_pY
286	Boris Brejcha	Terminal Zero	https://www.youtube.com/watch?v=b73VgbB-pNk
287	Boris Brejcha	Sleeping World	https://www.youtube.com/watch?v=nd03hUzluks
288	Boris Brejcha	Rave City	https://www.youtube.com/watch?v=uChTn6OoCvA
289	Boris Brejcha	Wormhole	https://www.youtube.com/watch?v=KQrCC_DWQwc
290	Boris Brejcha	Anything Else	https://www.youtube.com/watch?v=0ltZ1fapNko
291	ARTBAT & Dino Lenny	Our Space	https://www.youtube.com/watch?v=bZr-MdUSsV4
292	ARTBAT & Dino Lenny	Keep Calm	https://www.youtube.com/watch?v=159A74Zo_EU
293	Enrico Sangiuliano	Physical Change	https://www.youtube.com/watch?v=jeOBL38uznA
294	Enrico Sangiuliano	Pulse Of Progression	https://www.youtube.com/watch?v=BldxQJXzDQs
295	Amelie Lens	L'Obscurite	https://www.youtube.com/watch?v=dN-lh9zSVvY
296	Vaal	Wander To Hell	https://www.youtube.com/watch?v=2ntDbYwbFcQ
297	Reinier Zonneveld	Plastic People	https://www.youtube.com/watch?v=nRtNybc5Rfg
298	Reinier Zonneveld	Ball	https://www.youtube.com/watch?v=171LGx6mrpg
299	Reinier Zonneveld	Disturbed Minds	https://www.youtube.com/watch?v=i7X53wEt3PE
300	Reinier Zonneveld	Spacedge	https://www.youtube.com/watch?v=CENR-qVpBD4
301	Reinier Zonneveld	Gateaway	ytsearch1:Reinier Zonneveld - Gateaway
302	Reinier Zonneveld	Megacity Servant	https://www.youtube.com/watch?v=Di8ElMuNvoY
303	Reinier Zonneveld	EHT	https://www.youtube.com/watch?v=O8dv9IoXatI
304	Reinier Zonneveld	Modern Voodoo	https://www.youtube.com/watch?v=7DnhOjpeAE8
305	Reinier Zonneveld	Dive	https://www.youtube.com/watch?v=PR6sY7d1UD0
306	Reinier Zonneveld	Dynamite	https://www.youtube.com/watch?v=JRhP7gYKQWE
307	Reinier Zonneveld	Sharp Bust 2.2	https://www.youtube.com/watch?v=9VFVC-o4MD0
308	Reinier Zonneveld	You Could Be The One	https://www.youtube.com/watch?v=bRKh7g9iyYo
309	Reinier Zonneveld	Abstinence	https://www.youtube.com/watch?v=pwEv1glAcMw
310	Reinier Zonneveld	Anti Matter	https://www.youtube.com/watch?v=NrEWonNnvQM
311	I Hate Models	The Beginning Of The End	https://www.youtube.com/watch?v=2SNvP-p8dek
312	I Hate Models	Crossing The Mirror	https://www.youtube.com/watch?v=phEAIJnyKLY
313	I Hate Models	Impossible Love	https://www.youtube.com/watch?v=cEVbkBr9OJ0
314	I Hate Models	You Are Not Alone	https://www.youtube.com/watch?v=xFYmA93xg4c
315	I Hate Models	The Night Is Our Kingdom	https://www.youtube.com/watch?v=VEnZ8FlnbhY
316	I Hate Models	Those Shiny Razor Blades	https://www.youtube.com/watch?v=voeDJhGsEuI
317	I Hate Models	Partner In Crime	https://www.youtube.com/watch?v=ic-JJsQt69g
318	I Hate Models	Romantic Psycho	https://www.youtube.com/watch?v=exJObM8nvuI
319	I Hate Models	Sexual Tension	https://www.youtube.com/watch?v=ZxCCPmEJTLw
320	I Hate Models	Forgiveness	https://www.youtube.com/watch?v=V64Xm-GvF60
321	I Hate Models	Fade Away	https://www.youtube.com/watch?v=reIyL_3ynVo
322	I Hate Models	Eternity Is Burning	https://www.youtube.com/watch?v=N8DdQhHxURo
323	UMEK	Keep Bustin'	https://www.youtube.com/watch?v=jK0YZRBXP8E
324	Charlotte de Witte	RPM	https://www.youtube.com/watch?v=7J7KdJ898ac
325	Space 92	Transmission	ytsearch1:Space 92 - Transmission
326	Keith Carnal	Numerous	https://www.youtube.com/watch?v=PQm6yK_-Y7k
327	Keith Carnal	Keep	https://www.youtube.com/watch?v=MOE3V0cbRKo
328	Keith Carnal	Gradient	ytsearch1:Keith Carnal - Gradient
329	Keith Carnal	Trip	https://www.youtube.com/watch?v=z8uQsLDLULU
330	Keith Carnal	Altruism	https://www.youtube.com/watch?v=xRbjLvBiCwY
331	Keith Carnal	Cynicism	https://www.youtube.com/watch?v=JT_6ucVJyeY
332	Keith Carnal	Heroism	https://www.youtube.com/watch?v=LPgqWnW43nE
333	Keith Carnal	Exorcism	https://www.youtube.com/watch?v=12Pi628PmJc
334	Keith Carnal	Immaculate	https://www.youtube.com/watch?v=_FLWq2Ybick
335	Keith Carnal	Morning Glory	https://www.youtube.com/watch?v=MpRT5rLl4qU
336	Keith Carnal	Dark Clowns	https://www.youtube.com/watch?v=FcXDeq6zQ8k
337	Charlotte de Witte	Overdrive	https://www.youtube.com/watch?v=u1v-TN6j0Rk
338	Massano	System	https://www.youtube.com/watch?v=QYXhmDpKAig
339	Massano	Odyssey	https://www.youtube.com/watch?v=NfiF9pkdjdY
340	Massano	The Feeling	https://www.youtube.com/watch?v=LIOL2AoE40M
341	Oostil & Juan Hansen	Drown (Massano Remix)	https://www.youtube.com/watch?v=wCAOL3hqojA
342	ARTBAT	Trip	https://www.youtube.com/watch?v=rKLtBvE0J_k
343	ARTBAT	Wall	https://www.youtube.com/watch?v=ZOUNLCSPMaY
344	ARTBAT	Knup	https://www.youtube.com/watch?v=W2i82Lqnw6o
345	Reinier Zonneveld	Evanescent	https://www.youtube.com/watch?v=egIlPW3-bys
346	Reinier Zonneveld	Horn Resumed	https://www.youtube.com/watch?v=FCLYhVFRTdY
347	Reinier Zonneveld	Ibiza Disco Lines	https://www.youtube.com/watch?v=wM8T3eJ-0GM
348	Reinier Zonneveld	Frozen Keys	https://www.youtube.com/watch?v=H5FPsBvJsL8
349	Reinier Zonneveld	Church Of Clubmusic	https://www.youtube.com/watch?v=CBWlu5eovII
350	Reinier Zonneveld	Abandoned Mirror	https://www.youtube.com/watch?v=z96L4O49xFk
351	Reinier Zonneveld	Acid Overdose	https://www.youtube.com/watch?v=BBnrt2h2om4
352	Reinier Zonneveld	Remember	https://www.youtube.com/watch?v=9trIOYIMT0s
353	Reinier Zonneveld	Bart's Cube	https://www.youtube.com/watch?v=EX2aRDlkbuQ
354	Reinier Zonneveld	Circus	https://www.youtube.com/watch?v=_gyr2ayb9xY
355	Reinier Zonneveld	Mind Game	https://www.youtube.com/watch?v=l5b8dX4Z1NM
356	Reinier Zonneveld	The Ones Who Know	https://www.youtube.com/watch?v=zig--a9lme0
357	Reinier Zonneveld	Religion NOW	https://www.youtube.com/watch?v=7_O4MWhRZCs
358	Reinier Zonneveld	Manifesto	https://www.youtube.com/watch?v=Hc2QOVhNW7s
359	Reinier Zonneveld	Hard Gaan	https://www.youtube.com/watch?v=zJcI4HktKuo
360	Amelie Lens	Never The Same	https://www.youtube.com/watch?v=ag2P4AhbErU
361	Amelie Lens	Energize	https://www.youtube.com/watch?v=qGt7Vz0wbD4
362	Amelie Lens	Basiel	https://www.youtube.com/watch?v=1WQ8VvKKCp0
363	Amelie Lens	In Silence	https://www.youtube.com/watch?v=2D1TUCIKXXI
364	Joseph Capriati	Improvvisazione	https://www.youtube.com/watch?v=cInPBiLrUa0
365	Joseph Capriati	Beautiful Morning	https://www.youtube.com/watch?v=ww5gyKdCsLE
366	Joseph Capriati & Louie Vega	Spirit Brothers	https://www.youtube.com/watch?v=7-YTNWCib68
367	Joseph Capriati	Anything Is Possible	https://www.youtube.com/watch?v=OCE1CVL80PM
368	Joseph Capriati	Dust	https://www.youtube.com/watch?v=y_0AdIGQQWU
369	Joseph Capriati feat. James Senese	New Horizons	https://www.youtube.com/watch?v=9U473EH61vo
370	Joseph Capriati	Metamorfosi	https://www.youtube.com/watch?v=TU7ETT5HQs8
371	Joseph Capriati	Psychic Journey	https://www.youtube.com/watch?v=YfncmdTva4A
372	Joseph Capriati	Goa	https://www.youtube.com/watch?v=oOGymHsIlIw
373	Joseph Capriati	It's All About Love	https://www.youtube.com/watch?v=i_AqQ3tg2Zg
374	Joseph Capriati	Let's Change The World	https://www.youtube.com/watch?v=Y3dTXNXk8BQ
375	Dax J	Babylon Brutality	https://www.youtube.com/watch?v=m0YdwJoLzSQ
376	Dax J	The Art Of Murder	https://www.youtube.com/watch?v=gXuvRTuuk5I
377	Dax J	Looking For Tina	https://www.youtube.com/watch?v=Z9ET8aL-OWA
378	Dax J	1001 Amen Nights	https://www.youtube.com/watch?v=MjBm8usDvQc
379	Dax J	Waves Of Isolation	https://www.youtube.com/watch?v=JDGvn4sKoU8
380	Dax J	Reclaim Our Lost Honor	https://www.youtube.com/watch?v=Pu6SSRNqrPY
381	Dax J	Unrepentacostal	https://www.youtube.com/watch?v=wT-Y3ItfhpE
382	Dax J	Feed The Pigeons	https://www.youtube.com/watch?v=whWzxCoTUbg
383	Dax J	Offending Public Morality	https://www.youtube.com/watch?v=ctpg-VhD1Uc
384	Dax J	It's A Trap	https://www.youtube.com/watch?v=INghiU0ofRc
385	Dax J	Mustapha Mond	https://www.youtube.com/watch?v=kZEPVLDecT0
386	Dax J	Kerb Crawling	https://www.youtube.com/watch?v=G_1iaJfoQro
387	Dax J	Acid Ascention	https://www.youtube.com/watch?v=wcMHJrGPMs0
388	Dax J	Death Is Imminent	https://www.youtube.com/watch?v=DOuKJ2wn5sY
389	Space 92	Meteor	https://www.youtube.com/watch?v=sRQZNRrbvL8
390	Enrico Sangiuliano	Interconnection	https://www.youtube.com/watch?v=kMk8mQRwaS4
391	Enrico Sangiuliano	Can U Feel It	https://www.youtube.com/watch?v=NdVqYdzP77Q
392	Amelie Lens	Drift	https://www.youtube.com/watch?v=l-vSl7BuxGs
393	Amelie Lens	Resonance	https://www.youtube.com/watch?v=kDm-ipVdDWQ
394	Recondite	Torpid	https://www.youtube.com/watch?v=5ri4LUBIHtI
395	Recondite	Resilient	https://www.youtube.com/watch?v=cj-UjkZH_VI
396	Recondite	Naif	https://www.youtube.com/watch?v=VVpefbpVfTU
397	Recondite	Fight Thru	https://www.youtube.com/watch?v=C-21pC8YwTk
398	Recondite	Sweet Pain	https://www.youtube.com/watch?v=LjdVifb9c-8
399	Recondite	Detach	https://www.youtube.com/watch?v=tZlL461d2ZQ
400	Recondite	Elation	https://www.youtube.com/watch?v=2N3W-WJgAlk
401	Recondite	Mutant	https://www.youtube.com/watch?v=2VByuJ1fBMU
402	Recondite	Scare	https://www.youtube.com/watch?v=_ikStqLhzRM
403	Recondite	Qualm	https://www.youtube.com/watch?v=H6iy-ReaJGg
404	Recondite	Taum	https://www.youtube.com/watch?v=RRH8I__RcAo
405	Recondite	Daemmerlicht	https://www.youtube.com/watch?v=fB6g05tZFqg
406	Recondite	Im Holz	https://www.youtube.com/watch?v=SVtgdXnvSWs
407	Recondite	Von Der Kanzel	https://www.youtube.com/watch?v=WoW6sZHGfuE
408	Recondite	Am Sonntag	https://www.youtube.com/watch?v=m_k6-7KS_Sw
409	Recondite	Im Regen	https://www.youtube.com/watch?v=8KFeTuEgVfg
410	Recondite	Unten	https://www.youtube.com/watch?v=23gnGH25V7I
411	Recondite	Am Tag Danach	https://www.youtube.com/watch?v=XoXkJGmVriw
412	Recondite	Durch Den Hohlweg	https://www.youtube.com/watch?v=XhFTm9oo6a4
413	Recondite	Lichtung	https://www.youtube.com/watch?v=eH_vWbY5X6Y
414	Recondite	Hoehlenlichter	https://www.youtube.com/watch?v=Frew2Nwo-t4
415	Recondite	Der Steinmetz	https://www.youtube.com/watch?v=ZQKo2l55WSs
416	Enrico Sangiuliano	Silence (Inner Mix)	https://www.youtube.com/watch?v=cY8cUO7g98Q
417	Enrico Sangiuliano	Future Dust	https://www.youtube.com/watch?v=jg6UFlHQLlY
418	Enrico Sangiuliano	New Expression Of Love	https://www.youtube.com/watch?v=TJT6kJMdcFw
419	Enrico Sangiuliano	The Sound Of Space	https://www.youtube.com/watch?v=sXqBET9ECl4
420	Enrico Sangiuliano	Spatial Perception	https://www.youtube.com/watch?v=_8sQ0DFCpQw
421	Sam Paganini	Satellite	https://www.youtube.com/watch?v=8XWj5dl1B48
422	Sam Paganini	Another Chance	https://www.youtube.com/watch?v=JXB096NTHvo
423	Sam Paganini	White	https://www.youtube.com/watch?v=slXrsl1oopM
424	Sam Paganini	Down	https://www.youtube.com/watch?v=gv-LGSfCMpc
425	Sam Paganini	Silver Panorama	https://www.youtube.com/watch?v=pATGIteGHu8
426	Sam Paganini	Lotus	https://www.youtube.com/watch?v=eqkxNBhnYW0
427	Sam Paganini	Dusty	https://www.youtube.com/watch?v=D_hYwLFYO2I
428	Sam Paganini	Toxic	https://www.youtube.com/watch?v=704f0qfWlCU
429	Sam Paganini	Cosmo	https://www.youtube.com/watch?v=mHB7jzAxZvU
430	Sam Paganini	Sunflower	https://www.youtube.com/watch?v=lS5Trninf4E
431	Sam Paganini	Exit	https://www.youtube.com/watch?v=uRgeVMSUCP0
432	Sam Paganini	Zenith	https://www.youtube.com/watch?v=FFi4EHbZdEs
433	Sam Paganini	Reflections	https://www.youtube.com/watch?v=YNNkK-IXYhU
434	Sam Paganini	Light + Shadow	https://www.youtube.com/watch?v=8BTx7R0G3X0
435	Space 92	Dune	https://www.youtube.com/watch?v=U8B2bFT6Q-w
436	Space 92	Time	https://www.youtube.com/watch?v=o752WyGETLM
437	Charlotte de Witte & Enrico Sangiuliano	Reflection	https://www.youtube.com/watch?v=J9E9G_NauUI
438	Recondite	Placid	https://www.youtube.com/watch?v=cR1PCiQpOmM
439	Massimo Vivona	Phases	https://www.youtube.com/watch?v=uWyflpM7mT8
440	UMEK	19119	https://www.youtube.com/watch?v=Futs9QoQnhQ
441	Charlotte de Witte	Asura	https://www.youtube.com/watch?v=zvVRlhFetRI
442	Charlotte de Witte	Soma	https://www.youtube.com/watch?v=IXdRVW1i7bg
443	Charlotte de Witte	Stigma	https://www.youtube.com/watch?v=ZUs-34A5YIQ
444	Boris Brejcha	Twisted Reality	https://www.youtube.com/watch?v=M-Rc5FoKQzc
445	Boris Brejcha	Afterlife	https://www.youtube.com/watch?v=DIWKPF28L98
446	Boris Brejcha	Falcon	https://www.youtube.com/watch?v=CtTkTk06Wgs
447	Boris Brejcha	Skywalker	https://www.youtube.com/watch?v=TyJnfHl0ig4
448	Boris Brejcha	Applepaw	https://www.youtube.com/watch?v=y_-aApg_PSM
449	Boris Brejcha	Mont Blanc	https://www.youtube.com/watch?v=GMV60IyJNaM
450	Boris Brejcha	One Day	https://www.youtube.com/watch?v=sHCq59BA2UI
451	Boris Brejcha	Maikafer	https://www.youtube.com/watch?v=kBr-RLE8awQ
452	Boris Brejcha	Mr. Hendrix	https://www.youtube.com/watch?v=ztk4aQbKHRI
453	Boris Brejcha	Don't Stop	https://www.youtube.com/watch?v=seRQ5WagKNY
454	Boris Brejcha	Bounce It	https://www.youtube.com/watch?v=sYvSbdbUCTY
455	Boris Brejcha	Turn Over	https://www.youtube.com/watch?v=EZYfHje8uEg
456	Boris Brejcha	Sometimes Things Get Complicated	https://www.youtube.com/watch?v=FrjmVCImqjg
457	Boris Brejcha	Night Owl	https://www.youtube.com/watch?v=e04VaFyBEcQ
458	Boris Brejcha	Killing Me	https://www.youtube.com/watch?v=sthr6hYbVqA
459	Boris Brejcha	The Superblast	https://www.youtube.com/watch?v=rPRT2d_F_7Q
460	Boris Brejcha	Welcome To Real Life	https://www.youtube.com/watch?v=YTflpScoj8U
461	Boris Brejcha	Sandmann	https://www.youtube.com/watch?v=1ze8Z6mQCfw
462	Boris Brejcha	The Sky Is The Limit	https://www.youtube.com/watch?v=cSBZQQymhLM
463	Boris Brejcha	Pillenkafer	https://www.youtube.com/watch?v=O5KCOhyGEVw
464	Boris Brejcha	The Meaning Of Life	https://www.youtube.com/watch?v=IH0N7dV2OUM
465	Boris Brejcha	Moondancer	https://www.youtube.com/watch?v=iDbn-EKJ5Ks
466	Boris Brejcha	Schattenmonch	https://www.youtube.com/watch?v=utHG1MOxe_g
467	Boris Brejcha	White Rainbow	https://www.youtube.com/watch?v=43LAlAF-qqw
468	Sam Paganini	Elevator	https://www.youtube.com/watch?v=JA7jVMNN7jY
469	Sam Paganini	Komet	https://www.youtube.com/watch?v=03WpXFsSveo
470	Sam Paganini	Frozen	https://www.youtube.com/watch?v=_6xgIUBPrL4
471	Sam Paganini	Survive	https://www.youtube.com/watch?v=OaXE5M30RVQ
472	Sam Paganini	Moonless	https://www.youtube.com/watch?v=-ZFQqVmbFP8
473	Sam Paganini	Plastique	https://www.youtube.com/watch?v=w6UT36XndTI
474	Sam Paganini	Alone	https://www.youtube.com/watch?v=ypojF8nAv3s
475	Sam Paganini	Together Alone	https://www.youtube.com/watch?v=J6PteRCTIuM
476	Sam Paganini	Butterfly	https://www.youtube.com/watch?v=-2jtv-IWXB0
477	Sam Paganini	Far Away	https://www.youtube.com/watch?v=Ldd9Ww_hUKw
478	Sam Paganini	Your Side	https://www.youtube.com/watch?v=hzWZA_eCJaM
479	Sam Paganini	Desert	https://www.youtube.com/watch?v=Z9gZkgX2GK8
480	Sam Paganini	Fallen	https://www.youtube.com/watch?v=J31Qs1KGaEg
481	Sam Paganini	The World Is Changing	https://www.youtube.com/watch?v=dDhTOsTAvf0
482	Sam Paganini	Amazonia	https://www.youtube.com/watch?v=KP5OY5agabk
483	Sam Paganini	Are We Evil?	https://www.youtube.com/watch?v=3DfL4EaxJEI
484	Sam Paganini	One World	https://www.youtube.com/watch?v=UWrLG0QxViQ
485	Sam Paganini	Bianca	https://www.youtube.com/watch?v=b2jibmGPtnk
486	Sam Paganini	The Church	https://www.youtube.com/watch?v=KG9v3kYeJLE
487	Sam Paganini	Breeze	https://www.youtube.com/watch?v=KA-KLhACv58
488	Sam Paganini	Nocturama	https://www.youtube.com/watch?v=4sXceU6DOpU
489	Sam Paganini	Starlight	https://www.youtube.com/watch?v=Ckdfx2k6HW0
490	Sam Paganini	One	https://www.youtube.com/watch?v=J5W4D8dG58I
491	Sam Paganini	Mutron	https://www.youtube.com/watch?v=Fa4MLPe-j6E
492	Sam Paganini	Galaxy	https://www.youtube.com/watch?v=0mJTdL4stQ8
493	Sam Paganini	Heaven	https://www.youtube.com/watch?v=OGSEeNlLqOM
494	I Hate Models	For My People	https://www.youtube.com/watch?v=SVqhotwdi9E
495	I Hate Models	Forever Melancholia	https://www.youtube.com/watch?v=h8qs8RxeP24
496	I Hate Models	Twin Souls	https://www.youtube.com/watch?v=LonJ6I-JDHM
497	I Hate Models	Forgotten Future	https://www.youtube.com/watch?v=ELhWm4EFuF4
498	I Hate Models	Nostalgica	https://www.youtube.com/watch?v=TXmS6yeE3s0
499	Joseph Capriati	Electrolytic	https://www.youtube.com/watch?v=lOlojCKH3Tk
500	Joseph Capriati	Easy Come Easy Go	https://www.youtube.com/watch?v=hfkzn40WkC0
